dropped_entity,nep_coef,nep_pval,n_obs,significant_05
none,29.379052813421048,0.02548372348247002,95,True
CHN,31.899719223637,0.03415296516311788,87,True
GBR,10.228179252135448,0.7875903023189811,66,False
JPN,40.72211727729952,0.16850040631916363,66,False
USA,7.165861645273114,0.5418245214400418,66,False
