country_code,tmpi_scaled,thorium_reserve_share,nuclear_share_energy,institutional_quality
USA,100.0,0.108,0.07567863240182457,0.5
IND,23.18483640352151,0.161,0.01176996551799272,0.5
CAN,18.37616909931506,0.028,0.05364064335423209,0.5
RUS,17.784088320798958,0.025,0.05814182084967327,0.5
BRA,16.09845341805437,0.134,0.009819206369700443,0.5
GBR,11.880895552945079,0.019,0.051108437964645634,0.5
CHN,5.767514239502977,0.021,0.02244741891447263,0.5
ZAF,4.099983295369842,0.024,0.0139626507898762,0.5
